variable,count,mean,std,min,25%,50%,75%,max,original
dummy1,1000.0,6.118161427364876e-05,0.009564055600708833,-0.0306999533899663,-0.0069499614648824495,-1.683615816894246e-05,0.006455919931745675,0.0303350537957731,-0.0178769785865426
dummy2,1000.0,-9.419215363577978e-05,0.011156368176664152,-0.0403702198948217,-0.007357620828915175,-1.4035896663600056e-05,0.007729555537971024,0.0377172045893132,-0.0122924576271925
x1,1000.0,0.0011362966887059258,2.9834723794062055,-8.721688743136312,-1.994007442869309,0.02237756065516415,1.8931763024641446,28.204243451002277,28.204243451002277
x2,1000.0,-0.01459538872957799,7.701107676806113,-21.60211932883598,-5.430100401392972,-0.0893369655747333,4.796727303295558,75.05536819894289,75.05536819894289
x3,1000.0,-0.002749095413580747,1.9574120585674426,-5.312203115996496,-1.2036005971024926,-0.14196049067934874,1.2678370473466702,17.756079882201465,17.756079882201465
